date,urbanCPI,fedFunds,clcsHPI,buildPermits,constructionPI,delRate,houseSub,income,mortRate,constructionUn,totalHouse,totalConstSpend,urbanPop,unemploymentRate,imputeGDP,year,month,Factoryear,Factormonth
2003-01-01,182.6,1.24,128.461,1808,144.4,1.97,25.93,10710.4,5.916,1654,111278,1.5,79.583,5.8,11174.129,2003,1,2003,1
2003-02-01,183.6,1.26,129.355,1854,145.2,1.97,25.93,10674,5.8425,1688,111278,-0.1,79.583,5.9,11220.341333333334,2003,2,2003,2
2003-03-01,183.9,1.25,130.148,1757,145.2,1.97,25.93,10696.5,5.745,1638,111278,-1.1,79.583,5.9,11266.553666666667,2003,3,2003,3
2003-04-01,183.2,1.26,130.884,1803,145.9,1.83,25.93,10752.7,5.8125,1662,111278,1.7,79.583,6,11312.766,2003,4,2003,4
2003-05-01,182.9,1.26,131.734,1835,145.8,1.83,25.93,10832,5.484,1733,111278,0.2,79.583,6.1,11397.400333333333,2003,5,2003,5
2003-06-01,183.1,1.22,132.649,1875,146.1,1.83,25.93,10860.6,5.23,1641,111278,2.3,79.583,6.3,11482.034666666666,2003,6,2003,6
2003-07-01,183.7,1.01,133.77700000000002,1885,147,1.73,25.93,10991.1,5.6325,1680,111278,4.1,79.583,6.2,11566.669,2003,7,2003,7
2003-08-01,184.5,1.03,134.969,1966,147.2,1.73,25.93,11066.7,6.264,1570,111278,1,79.583,6.1,11635.190666666667,2003,8,2003,8
2003-09-01,185.1,1.01,136.29399999999998,1961,149,1.73,25.93,10940.8,6.1475,1719,111278,1.2,79.583,6.1,11703.712333333333,2003,9,2003,9
2003-10-01,184.9,1.01,137.532,2012,149.6,1.76,25.93,10982.3,5.952,1728,111278,2.4,79.583,6,11772.234,2003,10,2003,10
2003-11-01,185,1,138.79399999999998,1918,150.2,1.76,25.93,11048.4,5.9325,1692,111278,3.2,79.583,5.8,11822.638333333334,2003,11,2003,11
2003-12-01,185.5,0.98,140.179,1987,149.7,1.76,25.93,11057.2,5.876,1716,111278,3.7,79.583,5.7,11873.042666666666,2003,12,2003,12
2004-01-01,186.3,1,141.64600000000002,1952,150,1.65,27.201,11051.2,5.7125,1709,112000,-1,79.757,5.7,11923.447,2004,1,2004,1
2004-02-01,186.7,1.01,143.192,1966,153.4,1.65,27.201,11071,5.635,1718,112000,0.3,79.757,5.6,11986.569666666666,2004,2,2004,2
2004-03-01,187.1,1,145.059,2066,156.5,1.65,27.201,11115.6,5.445,1794,112000,1.3,79.757,5.8,12049.692333333334,2004,3,2004,3
2004-04-01,187.4,1,146.593,2070,160.1,1.6,27.201,11153.3,5.83,1938,112000,1.2,79.757,5.6,12112.815,2004,4,2004,4
2004-05-01,188.2,1,148.186,2150,162.7,1.6,27.201,11208.9,6.27,1893,112000,2,79.757,5.6,12176.979000000001,2004,5,2004,5
2004-06-01,188.9,1.03,149.85,2020,162,1.6,27.201,11215.8,6.2875,1857,112000,1,79.757,5.6,12241.143,2004,6,2004,6
2004-07-01,189.1,1.26,151.338,2112,162.2,1.56,27.201,11240.5,6.056,1881,112000,2.9,79.757,5.5,12305.307,2004,7,2004,7
2004-08-01,189.2,1.43,152.63299999999998,2056,165.9,1.56,27.201,11274.6,5.8675,1911,112000,1.5,79.757,5.4,12379.276,2004,8,2004,8
2004-09-01,189.8,1.61,154.179,2041,167.2,1.56,27.201,11279.6,5.754,1796,112000,-0.9,79.757,5.4,12453.245,2004,9,2004,9
2004-10-01,190.8,1.76,155.75,2097,165.9,1.41,27.201,11282.5,5.7225,1839,112000,0.7,79.757,5.5,12527.214,2004,10,2004,10
2004-11-01,191.7,1.93,157.52700000000002,2079,165.5,1.41,27.201,11246.1,5.73,1758,112000,-0.1,79.757,5.4,12607.238,2004,11,2004,11
2004-12-01,191.7,2.16,159.33,2082,166.3,1.41,27.201,11659,5.752,1921,112000,2.9,79.757,5.4,12687.262,2004,12,2004,12
2005-01-01,191.6,2.28,161.28799999999998,2139,168.6,1.42,27.651,11226.5,5.71,1892,113343,1.6,79.928,5.3,12767.286,2005,1,2005,1
2005-02-01,192.4,2.5,163.344,2114,170.4,1.42,27.651,11229,5.6275,1908,113343,2.2,79.928,5.4,12819.076000000001,2005,2,2005,2
2005-03-01,193.1,2.63,165.812,2062,170,1.42,27.651,11268.8,5.928,1787,113343,0.5,79.928,5.2,12870.866,2005,3,2005,3
2005-04-01,193.7,2.79,167.50099999999998,2150,170,1.55,27.651,11304.2,5.855,1927,113343,1.1,79.928,5.2,12922.656,2005,4,2005,4
2005-05-01,193.6,3,169.351,2085,168.1,1.55,27.651,11352.7,5.72,2103,113343,0.9,79.928,5.1,12995.984666666667,2005,5,2005,5
2005-06-01,193.7,3.04,171.19,2178,167.8,1.55,27.651,11375.5,5.582,1965,113343,2.2,79.928,5,13069.313333333334,2005,6,2005,6
2005-07-01,194.9,3.26,172.86,2203,167.2,1.59,27.651,11387.1,5.695,1886,113343,1.9,79.928,5,13142.642,2005,7,2005,7
2005-08-01,196.1,3.5,174.442,2219,165.9,1.59,27.651,11405.3,5.82,1952,113343,0.8,79.928,4.9,13203.162666666667,2005,8,2005,8
2005-09-01,198.8,3.62,176.438,2263,168.9,1.59,27.651,11365.2,5.774,1922,113343,2.1,79.928,5,13263.683333333332,2005,9,2005,9
2005-10-01,199.1,3.78,178.028,2170,171.6,1.64,27.651,11428.7,6.065,1962,113343,1.8,79.928,5,13324.204,2005,10,2005,10
2005-11-01,198.1,4,179.68,2218,172.7,1.64,27.651,11500.1,6.33,1907,113343,1,79.928,5,13415.856,2005,11,2005,11
2005-12-01,198.1,4.16,180.91,2120,173.5,1.64,27.651,11535.2,6.272,1941,113343,0.8,79.928,4.9,13507.508,2005,12,2005,12
2006-01-01,199.3,4.29,182.321,2212,177.2,1.61,28.604,11651.8,6.145,2036,114384,0.8,80.099,4.7,13599.16,2006,1,2006,1
2006-02-01,199.4,4.49,183.287,2141,177.7,1.61,28.604,11702.8,6.2525,2048,114384,0.5,80.099,4.8,13650.581333333334,2006,2,2006,2
2006-03-01,199.7,4.59,184.364,2118,178.3,1.61,28.604,11747.5,6.324,2245,114384,-1.5,80.099,4.7,13702.002666666667,2006,3,2006,3
2006-04-01,200.7,4.79,184.329,1998,179,1.62,28.604,11744.4,6.5075,2071,114384,-2.6,80.099,4.7,13753.424,2006,4,2006,4
2006-05-01,201.3,4.94,184.156,1905,179.9,1.62,28.604,11736.8,6.5975,1897,114384,-2.6,80.099,4.6,13792.345333333335,2006,5,2006,5
2006-06-01,201.8,4.99,183.507,1867,180.7,1.62,28.604,11751.9,6.682,2050,114384,-2.9,80.099,4.6,13831.266666666666,2006,6,2006,6
2006-07-01,202.9,5.24,183.068,1763,182.3,1.74,28.604,11746.9,6.7625,1934,114384,-2.8,80.099,4.7,13870.188,2006,7,2006,7
2006-08-01,203.8,5.25,182.594,1722,182.6,1.74,28.604,11737,6.524,1877,114384,-2.3,80.099,4.7,13926.645333333334,2006,8,2006,8
2006-09-01,202.8,5.25,182.798,1655,183.3,1.74,28.604,11800.1,6.4025,2011,114384,-1.8,80.099,4.5,13983.102666666666,2006,9,2006,9
2006-10-01,201.9,5.25,183.198,1570,182.3,1.92,28.604,11853.7,6.3575,1918,114384,-2.1,80.099,4.4,14039.56,2006,10,2006,10
2006-11-01,202,5.25,183.609,1535,179.8,1.92,28.604,11901.9,6.24,1893,114384,-2.2,80.099,4.5,14098.257,2006,11,2006,11
2006-12-01,203.1,5.24,184.139,1638,179.8,1.92,28.604,11958.6,6.135,1888,114384,-0.6,80.099,4.4,14156.954,2006,12,2006,12
2007-01-01,203.437,5.25,184.517,1626,181.1,2.08,29.512,11956.6,6.2175,1822,116011,-1.4,80.269,4.6,14215.651,2007,1,2007,1
2007-02-01,204.226,5.26,184.598,1598,181.5,2.08,29.512,11996,6.285,1640,116011,-1.1,80.269,4.5,14277.794666666667,2007,2,2007,2
2007-03-01,205.288,5.26,184.15,1596,182.5,2.08,29.512,12035.1,6.156,1623,116011,-0.7,80.269,4.4,14339.938333333334,2007,3,2007,3
2007-04-01,205.904,5.25,183.01,1470,183.7,2.29,29.512,12052.8,6.18,1539,116011,-0.7,80.269,4.5,14402.082,2007,4,2007,4
2007-05-01,206.755,5.25,181.6,1493,184,2.29,29.512,12059.9,6.262,1536,116011,-1.7,80.269,4.4,14456.093666666668,2007,5,2007,5
2007-06-01,207.234,5.25,180.254,1407,184,2.29,29.512,12053.3,6.6575,1481,116011,-1.5,80.269,4.6,14510.105333333333,2007,6,2007,6
2007-07-01,207.603,5.26,179.111,1361,184.2,2.71,29.512,12066.4,6.695,1534,116011,-2,80.269,4.7,14564.117,2007,7,2007,7
2007-08-01,207.667,5.02,178.116,1321,183.9,2.71,29.512,12070.9,6.572,1512,116011,-2.9,80.269,4.6,14614.430666666667,2007,8,2007,8
2007-09-01,208.547,4.94,177.558,1261,183.4,2.71,29.512,12089.6,6.3825,1356,116011,-3.2,80.269,4.7,14664.744333333334,2007,9,2007,9
2007-10-01,209.19,4.76,176.62400000000002,1192,183,3.1,29.512,12080.4,6.375,1405,116011,-3.8,80.269,4.7,14715.058,2007,10,2007,10
2007-11-01,210.834,4.49,175.14700000000002,1224,183.3,3.1,29.512,12070.1,6.208,1390,116011,-3.5,80.269,4.7,14712.218,2007,11,2007,11
2007-12-01,211.445,4.24,174.342,1149,183.5,3.1,29.512,12120.5,6.095,1328,116011,-3.5,80.269,5,14709.378,2007,12,2007,12
2008-01-01,212.174,3.94,173.132,1094,184.3,3.68,29.876,12137.1,5.758,1331,116783,-3.4,80.438,5,14706.538,2008,1,2008,1
2008-02-01,212.687,2.98,171.541,1014,185.7,3.68,29.876,12141.8,5.9175,1274,116783,-4,80.438,4.9,14759.592333333334,2008,2,2008,2
2008-03-01,213.448,2.61,170.053,967,187.8,3.68,29.876,12145.9,5.97,1195,116783,1.1,80.438,5.1,14812.646666666666,2008,3,2008,3
2008-04-01,213.942,2.28,168.338,1008,190.9,4.36,29.876,12100.8,5.9175,1022,116783,-1.2,80.438,5,14865.701,2008,4,2008,4
2008-05-01,215.208,1.98,166.65900000000002,995,195.8,4.36,29.876,12696.2,6.036,1142,116783,-0.9,80.438,5.4,14876.800333333333,2008,5,2008,5
2008-06-01,217.463,2,165.017,1180,200.4,4.36,29.876,12376.6,6.32,1142,116783,-1.9,80.438,5.6,14887.899666666666,2008,6,2008,6
2008-07-01,219.016,2.01,163.566,921,203.4,5.28,29.876,12188.7,6.426,1087,116783,-2.4,80.438,5.8,14898.999,2008,7,2008,7
2008-08-01,218.69,2,161.987,858,206.5,5.28,29.876,12120.6,6.4775,1017,116783,-3.3,80.438,6.1,14802.069,2008,8,2008,8
2008-09-01,218.877,1.81,160.308,797,206.3,5.28,29.876,12149,6.0375,1160,116783,-3.4,80.438,6.1,14705.139000000001,2008,9,2008,9
2008-10-01,216.995,0.97,158.327,736,201.8,6.58,29.876,12240.5,6.2,1055,116783,-3.3,80.438,6.5,14608.209,2008,10,2008,10
2008-11-01,213.153,0.39,156.142,626,199.6,6.58,29.876,12345.9,6.0875,1076,116783,-4.9,80.438,6.8,14549.106666666667,2008,11,2008,11
2008-12-01,211.398,0.16,153.619,554,194.8,6.58,29.876,12288.8,5.286,1021,116783,-5.9,80.438,7.3,14490.004333333334,2008,12,2008,12
2009-01-01,211.933,0.15,151.507,545,193.3,8.01,32.883,12361.5,5.0475,777,117181,-3.3,80.606,7.8,14430.902,2009,1,2009,1
2009-02-01,212.705,0.22,150.015,558,191.2,8.01,32.883,12241.9,5.13,819,117181,-5.3,80.606,8.3,14414.346666666666,2009,2,2009,2
2009-03-01,212.495,0.18,148.66,513,190.2,8.01,32.883,12242.7,5.0025,839,117181,-4.9,80.606,8.7,14397.791333333334,2009,3,2009,3
2009-04-01,212.709,0.15,147.94899999999998,521,188.1,8.57,32.883,12320,4.81,846,117181,-4.3,80.606,9,14381.236,2009,4,2009,4
2009-05-01,213.022,0.18,147.694,556,186.9,8.57,32.883,12500.1,4.8575,818,117181,-2.7,80.606,9.4,14403.784666666666,2009,5,2009,5
2009-06-01,214.79,0.21,148.09,601,187.1,8.57,32.883,12273.2,5.42,797,117181,0.3,80.606,9.5,14426.333333333334,2009,6,2009,6
2009-07-01,214.726,0.16,148.41,595,187.6,9.48,32.883,12218.7,5.222,797,117181,3,80.606,9.5,14448.882,2009,7,2009,7
2009-08-01,215.445,0.16,148.278,616,188.1,9.48,32.883,12194.8,5.1925,792,117181,2.4,80.606,9.6,14516.337666666666,2009,8,2009,8
2009-09-01,215.861,0.15,148.025,609,189.3,9.48,32.883,12230.6,5.0575,721,117181,1.4,80.606,9.8,14583.793333333333,2009,9,2009,9
2009-10-01,216.509,0.12,147.85,583,189.7,10.4,32.883,12193.2,4.952,746,117181,0.3,80.606,10,14651.249,2009,10,2009,10
2009-11-01,217.234,0.12,148.134,623,189.2,10.4,32.883,12224.4,4.875,844,117181,0.3,80.606,9.9,14689.036,2009,11,2009,11
2009-12-01,217.347,0.12,147.929,664,189.4,10.4,32.883,12280.2,4.93,750,117181,0.2,80.606,9.9,14726.823,2009,12,2009,12
2010-01-01,217.488,0.11,147.39600000000002,636,190.3,11.48,32.669,12285.8,5.03,689,117538,-0.3,80.772,9.8,14764.61,2010,1,2010,1
2010-02-01,217.281,0.13,145.631,650,192.2,11.48,32.669,12292,4.99,670,117538,0,80.772,9.8,14836.471,2010,2,2010,2
2010-03-01,217.353,0.16,145.859,687,193.7,11.48,32.669,12340.3,4.9675,635,117538,-0.2,80.772,9.9,14908.332,2010,3,2010,3
2010-04-01,217.403,0.2,146.403,637,196.5,11.08,32.669,12447.1,5.098,737,117538,0.5,80.772,9.9,14980.193,2010,4,2010,4
2010-05-01,217.29,0.2,146.394,575,198.9,11.08,32.669,12540.3,4.8875,702,117538,-0.6,80.772,9.6,15033.997666666666,2010,5,2010,5
2010-06-01,217.199,0.18,145.721,587,197.2,11.08,32.669,12544.3,4.7375,894,117538,-0.7,80.772,9.4,15087.802333333333,2010,6,2010,6
2010-07-01,217.605,0.18,144.991,579,195.6,10.66,32.669,12554.2,4.564,572,117538,-2.4,80.772,9.4,15141.607,2010,7,2010,7
2010-08-01,217.923,0.19,143.916,580,194.1,10.66,32.669,12591.4,4.4275,592,117538,-2.2,80.772,9.5,15197.562666666667,2010,8,2010,8
2010-09-01,218.275,0.19,143.019,563,193.9,10.66,32.669,12589.9,4.346,632,117538,-0.1,80.772,9.5,15253.518333333333,2010,9,2010,9
2010-10-01,219.035,0.19,142.531,558,193.8,10.33,32.669,12592.5,4.225,605,117538,-0.4,80.772,9.4,15309.474,2010,10,2010,10
2010-11-01,219.59,0.19,142.173,560,193.6,10.33,32.669,12605.1,4.3,552,117538,0.3,80.772,9.8,15323.465333333334,2010,11,2010,11
2010-12-01,220.472,0.18,142.06,632,194.2,10.33,32.669,12680.6,4.714,565,117538,0,80.772,9.3,15337.456666666667,2010,12,2010,12
2011-01-01,221.187,0.17,141.52100000000002,576,195.9,10.36,34.23,12740.1,4.755,520,119927,0.8,80.944,9.1,15351.448,2011,1,2011,1
2011-02-01,221.898,0.16,140.35,542,198.1,10.36,34.23,12776.6,4.9525,615,119927,-0.5,80.944,9,15420.145,2011,2,2011,2
2011-03-01,223.046,0.14,139.981,583,199.7,10.36,34.23,12742.7,4.836,591,119927,0.6,80.944,9,15488.842,2011,3,2011,3
2011-04-01,224.093,0.1,140.01,581,201.1,10.55,34.23,12721.3,4.84,549,119927,1.1,80.944,9.1,15557.539,2011,4,2011,4
2011-05-01,224.806,0.09,139.905,618,201.6,10.55,34.23,12705.3,4.6375,549,119927,0.3,80.944,9,15587.586000000001,2011,5,2011,5
2011-06-01,224.806,0.09,139.862,636,201.9,10.55,34.23,12756.9,4.51,579,119927,0.7,80.944,9.1,15617.633,2011,6,2011,6
2011-07-01,225.395,0.07,139.73,621,202.6,10.51,34.23,12805.6,4.545,634,119927,0.6,80.944,9,15647.68,2011,7,2011,7
2011-08-01,226.106,0.1,139.309,647,202.8,10.51,34.23,12799.7,4.27,614,119927,0.9,80.944,9,15712.539666666667,2011,8,2011,8
2011-09-01,226.597,0.08,138.668,610,202.7,10.51,34.23,12781.7,4.106,603,119927,-0.6,80.944,9,15777.399333333333,2011,9,2011,9
2011-10-01,226.75,0.07,137.952,671,202.7,10.26,34.23,12791.9,4.0675,566,119927,0.8,80.944,8.8,15842.259,2011,10,2011,10
2011-11-01,227.169,0.08,137.15200000000002,706,202.2,10.26,34.23,12782.7,3.9925,585,119927,-2.3,80.944,8.6,15917.774333333333,2011,11,2011,11
2011-12-01,227.223,0.07,136.674,697,202.2,10.26,34.23,12898.5,3.958,610,119927,0.3,80.944,8.5,15993.289666666667,2011,12,2011,12
2012-01-01,227.842,0.08,136.607,712,203.9,10.33,33.283,12967.5,3.915,545,121084,1.6,81.119,8.3,16068.805,2012,1,2012,1
2012-02-01,228.329,0.1,136.533,738,205.1,10.33,33.283,13029.6,3.89,561,121084,-2,81.119,8.3,16114.908333333333,2012,2,2012,2
2012-03-01,228.807,0.13,137.904,806,205.7,10.33,33.283,13066.4,3.954,582,121084,1.8,81.119,8.2,16161.011666666667,2012,3,2012,3
2012-04-01,229.187,0.14,139.154,732,206.3,10.45,33.283,13116.5,3.91,671,121084,2.5,81.119,8.2,16207.115,2012,4,2012,4
2012-05-01,228.713,0.16,140.155,796,206.5,10.45,33.283,13112.5,3.798,626,121084,1.8,81.119,8.2,16244.590333333334,2012,5,2012,5
2012-06-01,228.524,0.16,141.029,794,206.6,10.45,33.283,13097.2,3.675,625,121084,2.2,81.119,8.2,16282.065666666665,2012,6,2012,6
2012-07-01,228.59,0.16,141.66899999999998,849,206.2,10.47,33.283,12999.8,3.55,676,121084,1.5,81.119,8.2,16319.541,2012,7,2012,7
2012-08-01,229.918,0.13,142.279,840,205.5,10.47,33.283,12961.6,3.602,684,121084,2.1,81.119,8.1,16353.167,2012,8,2012,8
2012-09-01,231.015,0.14,142.908,930,206.6,10.47,33.283,13053.1,3.4975,652,121084,2.3,81.119,7.8,16386.793,2012,9,2012,9
2012-10-01,231.638,0.16,143.6,887,205.5,10.02,33.283,13142,3.3825,730,121084,2.8,81.119,7.8,16420.419,2012,10,2012,10
2012-11-01,231.249,0.16,144.585,917,205.6,10.02,33.283,13315.7,3.352,668,121084,0.9,81.119,7.7,16496.342333333334,2012,11,2012,11
2012-12-01,231.221,0.16,145.503,941,206.4,10.02,33.283,13642.7,3.345,677,121084,0.8,81.119,7.9,16572.265666666666,2012,12,2012,12
2013-01-01,231.679,0.14,146.827,940,208.4,9.74,33.213,12845.5,3.414,714,122459,1.6,81.299,8,16648.189,2013,1,2013,1
2013-02-01,232.937,0.15,147.785,980,209.1,9.74,33.213,12813.9,3.5325,729,122459,1.5,81.299,7.7,16675.021666666667,2013,2,2013,2
2013-03-01,232.282,0.14,149.963,936,209.8,9.74,33.213,12852.1,3.565,816,122459,1.3,81.299,7.5,16701.854333333333,2013,3,2013,3
2013-04-01,231.797,0.15,151.519,1012,210.7,9.32,33.213,12893.4,3.445,712,122459,1.3,81.299,7.6,16728.687,2013,4,2013,4
2013-05-01,231.893,0.11,152.85,1003,209.5,9.32,33.213,12954.2,3.536,708,122459,1.6,81.299,7.5,16803.737333333334,2013,5,2013,5
2013-06-01,232.445,0.09,154.19899999999998,942,208.8,9.32,33.213,12955.7,4.07,736,122459,0.8,81.299,7.5,16878.787666666667,2013,6,2013,6
2013-07-01,232.9,0.09,155.60399999999998,997,208.3,8.66,33.213,12941.8,4.37,784,122459,1.1,81.299,7.3,16953.838,2013,7,2013,7
2013-08-01,233.456,0.08,156.965,964,208.9,8.66,33.213,12969.6,4.456,765,122459,2.2,81.299,7.2,17033.231666666667,2013,8,2013,8
2013-09-01,233.544,0.08,158.227,1004,208.9,8.66,33.213,13027.5,4.49,776,122459,1.1,81.299,7.2,17112.625333333333,2013,9,2013,9
2013-10-01,233.669,0.09,159.24200000000002,1044,209.3,8.3,33.213,12974.6,4.192,801,122459,1.9,81.299,7.2,17192.019,2013,10,2013,10
2013-11-01,234.1,0.08,160.075,1029,209.8,8.3,33.213,12998.9,4.255,839,122459,2.1,81.299,6.9,17193.925333333333,2013,11,2013,11
2013-12-01,234.719,0.09,160.994,1005,209.8,8.3,33.213,13019.1,4.4575,778,122459,2,81.299,6.7,17195.83166666667,2013,12,2013,12
2014-01-01,235.288,0.07,161.92700000000002,976,211.7,7.77,33.806,13079.5,4.432,838,123229,2,81.483,6.6,17197.738,2014,1,2014,1
2014-02-01,235.547,0.07,162.525,1039,212.7,7.77,33.806,13148,4.3025,876,123229,-1.2,81.483,6.7,17304.661333333333,2014,2,2014,2
2014-03-01,236.028,0.08,163.086,1067,213.4,7.77,33.806,13219.9,4.3425,893,123229,1.5,81.483,6.7,17411.58466666667,2014,3,2014,3
2014-04-01,236.468,0.09,163.393,1090,213.6,7.43,33.806,13270.2,4.3375,834,123229,1.6,81.483,6.2,17518.508,2014,4,2014,4
2014-05-01,236.918,0.09,163.66,1018,214.3,7.43,33.806,13312.9,4.192,891,123229,0.4,81.483,6.3,17613.748,2014,5,2014,5
2014-06-01,237.231,0.1,164.062,1010,214.5,7.43,33.806,13360.4,4.1625,800,123229,-1,81.483,6.1,17708.988,2014,6,2014,6
2014-07-01,237.498,0.09,164.578,1076,214.8,7.06,33.806,13386.8,4.13,839,123229,0,81.483,6.2,17804.228,2014,7,2014,7
2014-08-01,237.46,0.09,165.215,1047,215.5,7.06,33.806,13445.9,4.115,908,123229,0.1,81.483,6.1,17840.178333333333,2014,8,2014,8
2014-09-01,237.477,0.09,165.905,1077,215.7,7.06,33.806,13486.3,4.1625,975,123229,2.5,81.483,5.9,17876.128666666667,2014,9,2014,9
2014-10-01,237.43,0.09,166.642,1094,215.9,6.5,33.806,13550.7,4.036,920,123229,1,81.483,5.7,17912.079,2014,10,2014,10
2014-11-01,236.983,0.09,167.335,1059,215.8,6.5,33.806,13624.4,3.9975,863,123229,1.4,81.483,5.8,17962.562333333335,2014,11,2014,11
2014-12-01,236.252,0.12,168.051,1072,215.5,6.5,33.806,13719.1,3.864,955,123229,2.5,81.483,5.6,18013.045666666665,2014,12,2014,12
2015-01-01,234.747,0.11,168.634,1049,215.8,6.24,34.859,13797.7,3.67,954,124587,1.4,81.671,5.7,18063.529,2015,1,2015,1
2015-02-01,235.342,0.11,169.13,1127,215.3,6.24,34.859,13848,3.71,863,124587,1.2,81.671,5.5,18135.613999999998,2015,2,2015,2
2015-03-01,235.976,0.11,169.8,1072,215,6.24,34.859,13811.3,3.77,781,124587,0.1,81.671,5.4,18207.699,2015,3,2015,3
2015-04-01,236.222,0.12,170.298,1166,214.5,5.82,34.859,13842,3.672,1001,124587,1.3,81.671,5.4,18279.784,2015,4,2015,4
2015-05-01,237.001,0.12,170.88099999999997,1272,213.7,5.82,34.859,13865.6,3.84,1012,124587,1.9,81.671,5.6,18320.398,2015,5,2015,5
2015-06-01,237.657,0.13,171.468,1379,213.7,5.82,34.859,13874.1,3.9825,962,124587,2.1,81.671,5.3,18361.012,2015,6,2015,6
2015-07-01,238.034,0.13,172.13099999999997,1140,213.7,5.39,34.859,13905.7,4.046,988,124587,1.5,81.671,5.2,18401.626,2015,7,2015,7
2015-08-01,238.033,0.14,172.93599999999998,1165,213.3,5.39,34.859,13935.8,3.905,974,124587,-0.1,81.671,5.1,18412.796333333332,2015,8,2015,8
2015-09-01,237.498,0.14,173.828,1144,212.5,5.39,34.859,13972.2,3.89,1040,124587,1.9,81.671,5,18423.966666666667,2015,9,2015,9
2015-10-01,237.733,0.12,174.792,1160,212.4,5.11,34.859,13996.9,3.796,985,124587,0,81.671,5,18435.137,2015,10,2015,10
2015-11-01,238.017,0.12,175.738,1244,211.7,5.11,34.859,13993.4,3.9425,1000,124587,-0.3,81.671,5.1,18465.40233333333,2015,11,2015,11
2015-12-01,237.761,0.24,176.545,1211,210.9,5.11,34.859,14060.2,3.964,1023,124587,1.3,81.671,5,18495.667666666668,2015,12,2015,12
2016-01-01,237.652,0.34,177.273,1171,211.4,4.78,37.55,14121.1,3.8725,1056,125819,0.8,81.862,4.8,18525.933,2016,1,2016,1
2016-02-01,237.336,0.38,177.649,1172,211.3,4.78,37.55,14135.3,3.66,1037,125819,1.3,81.862,4.9,18587.856,2016,2,2016,2
2016-03-01,238.08,0.36,178.165,1118,211.6,4.78,37.55,14135.4,3.694,1003,125819,1.5,81.862,5,18649.779000000002,2016,3,2016,3
2016-04-01,238.992,0.37,178.767,1160,212.7,4.59,37.55,14106.2,3.605,945,125819,-0.2,81.862,5.1,18711.702,2016,4,2016,4
2016-05-01,239.557,0.37,179.43,1205,213.7,4.59,37.55,14095.5,3.6,1000,125819,0.1,81.862,4.8,18772.014333333333,2016,5,2016,5
2016-06-01,240.222,0.38,180.08,1208,214.6,4.59,37.55,14104.9,3.568,1109,125819,1.2,81.862,4.9,18832.326666666668,2016,6,2016,6
2016-07-01,240.101,0.39,180.832,1198,215.3,4.38,37.55,14160.1,3.44,1072,125819,0.5,81.862,4.8,18892.639,2016,7,2016,7
2016-08-01,240.545,0.4,181.852,1201,216,4.38,37.55,14176.7,3.435,1054,125819,0.9,81.862,4.9,18958.219,2016,8,2016,8
2016-09-01,241.176,0.4,182.824,1303,215.3,4.38,37.55,14209.1,3.46,1035,125819,0.3,81.862,5,19023.799,2016,9,2016,9
2016-10-01,241.741,0.4,183.752,1254,214.8,4.14,37.55,14235.4,3.47,1070,125819,2.9,81.862,4.9,19089.379,2016,10,2016,10
2016-11-01,242.026,0.41,184.76,1230,214.5,4.14,37.55,14273.6,3.77,1244,125819,1.6,81.862,4.7,19152.947333333334,2016,11,2016,11
2016-12-01,242.637,0.54,185.725,1248,215.5,4.14,37.55,14313.7,4.198,1101,125819,1.5,81.862,4.7,19216.515666666666,2016,12,2016,12
2017-01-01,243.618,0.65,186.801,1296,217.3,3.9,35.771,14373.7,4.15,1081,126224,-0.3,82.058,4.7,19280.084,2017,1,2017,1
2017-02-01,244.006,0.66,187.312,1237,218.8,3.9,35.771,14416.8,4.1675,1148,126224,4,82.058,4.6,19332.936999999998,2017,2,2017,2
2017-03-01,243.892,0.79,187.991,1273,219.7,3.9,35.771,14476.3,4.196,1147,126224,-0.8,82.058,4.4,19385.79,2017,3,2017,3
2017-04-01,244.193,0.9,188.724,1239,221,3.68,35.771,14509.3,4.045,1069,126224,1,82.058,4.4,19438.643,2017,4,2017,4
2017-05-01,244.004,0.91,189.617,1205,221.7,3.68,35.771,14610.7,4.01,1170,126224,0.8,82.058,4.4,19523.29366666667,2017,5,2017,5
2017-06-01,244.163,1.04,190.51,1353,221.9,3.68,35.771,14618.7,3.904,1236,126224,0,82.058,4.3,19607.944333333333,2017,6,2017,6
2017-07-01,244.243,1.15,191.451,1254,221.9,3.64,35.771,14660.2,3.9675,1173,126224,0.9,82.058,4.3,19692.595,2017,7,2017,7
2017-08-01,245.183,1.16,192.667,1336,222.4,3.64,35.771,14678.3,3.88,1107,126224,0,82.058,4.4,19807.426,2017,8,2017,8
2017-09-01,246.435,1.15,193.763,1277,223.1,3.64,35.771,14706,3.805,1113,126224,0.5,82.058,4.3,19922.257,2017,9,2017,9
2017-10-01,246.626,1.15,194.811,1360,223.9,3.57,35.771,14748.6,3.895,1196,126224,-1.1,82.058,4.2,20037.088,2017,10,2017,10
2017-11-01,247.284,1.16,195.962,1295,223.9,3.57,35.771,14771.1,3.922,1182,126224,4.4,82.058,4.2,20134.243,2017,11,2017,11
2017-12-01,247.805,1.3,197.176,1312,224.1,3.57,35.771,14797.9,3.95,1200,126224,0.5,82.058,4.1,20231.398,2017,12,2017,12
2018-01-01,248.859,1.41,198.303,1311,225.8,3.48,38.859,14886.6,4.0325,1208,127586,1,82.256,4,20328.553,2018,1,2018,1
2018-02-01,249.529,1.42,199.217,1331,228.7,3.48,38.859,14921.1,4.33,1288,127586,1,82.256,4.1,20412.672666666665,2018,2,2018,2
2018-03-01,249.577,1.51,199.954,1381,231.3,3.48,38.859,14974.8,4.444,1181,127586,-0.8,82.256,4,20496.792333333335,2018,3,2018,3
2018-04-01,250.227,1.69,200.654,1365,232.4,3.22,38.859,15007.2,4.4675,1224,127586,0.3,82.256,4,20580.912,2018,4,2018,4
2018-05-01,250.792,1.7,201.428,1331,236.8,3.22,38.859,15057.8,4.586,1262,127586,0.6,82.256,3.8,20653.518,2018,5,2018,5
2018-06-01,251.018,1.82,202.238,1338,239.2,3.22,38.859,15119.3,4.57,1212,127586,-1.4,82.256,4,20726.124,2018,6,2018,6
2018-07-01,251.214,1.91,202.912,1333,239.6,2.99,38.859,15184.7,4.5275,1150,127586,-1.6,82.256,3.8,20798.73,2018,7,2018,7
2018-08-01,251.663,1.91,203.697,1293,239.4,2.99,38.859,15238.6,4.55,1262,127586,-1.7,82.256,3.8,20838.442333333332,2018,8,2018,8
2018-09-01,252.182,1.95,204.365,1320,240,2.99,38.859,15237.5,4.6275,1187,127586,0,82.256,3.7,20878.154666666665,2018,9,2018,9
2018-10-01,252.772,2.19,205.138,1280,238.7,2.83,38.859,15274.1,4.83,1122,127586,-2.6,82.256,3.8,20917.867,2018,10,2018,10
2018-11-01,252.594,2.2,205.685,1334,238.8,2.83,38.859,15315.2,4.866,1131,127586,0.4,82.256,3.8,20979.955666666665,2018,11,2018,11
2018-12-01,252.767,2.27,206.161,1320,238.3,2.83,38.859,15506.5,4.6375,1053,127586,-3.7,82.256,3.9,21042.044333333335,2018,12,2018,12
2019-01-01,252.718,2.4,206.517,1254,238.5,2.7,40.185,15501.7,4.464,1258,128579,-0.2,82.459,4,21104.133,2019,1,2019,1
2019-02-01,253.322,2.4,206.817,1302,238.1,2.7,40.185,15553.7,4.37,1334,128579,-0.1,82.459,3.8,21197.680333333334,2019,2,2019,2
2019-03-01,254.202,2.41,207.024,1291,238.1,2.7,40.185,15568.9,4.265,1301,128579,0.2,82.459,3.8,21291.22766666667,2019,3,2019,3
2019-04-01,255.211,2.42,207.506,1298,237.2,2.6,40.185,15524.4,4.1425,1329,128579,1,82.459,3.6,21384.775,2019,4,2019,4
2019-05-01,255.29,2.39,208.148,1338,237.3,2.6,40.185,15519.6,4.072,1226,128579,1,82.459,3.7,21487.944,2019,5,2019,5
2019-06-01,255.159,2.38,208.67,1301,236.3,2.6,40.185,15546.4,3.8025,1169,128579,2.3,82.459,3.6,21591.113,2019,6,2019,6
2019-07-01,255.685,2.4,209.277,1347,235.6,2.44,40.185,15565.7,3.765,1219,128579,2.3,82.459,3.7,21694.282,2019,7,2019,7
2019-08-01,256.059,2.13,210.12,1528,234.4,2.44,40.185,15654.1,3.616,1294,128579,1.4,82.459,3.7,21763.65133333333,2019,8,2019,8
2019-09-01,256.511,2.04,210.93400000000003,1491,234.4,2.44,40.185,15691.3,3.605,1150,128579,0.8,82.459,3.5,21833.020666666667,2019,9,2019,9
2019-10-01,257.244,1.83,211.844,1538,233.8,2.34,40.185,15718.1,3.688,1294,128579,0.7,82.459,3.6,21902.39,2019,10,2019,10
2019-11-01,257.803,1.55,212.817,1522,232.8,2.34,40.185,15778.2,3.695,1244,128579,2.2,82.459,3.6,21837.097666666665,2019,11,2019,11
2019-12-01,258.616,1.55,213.938,1461,232.2,2.34,40.185,15684.8,3.72,1310,128579,1.1,82.459,3.6,21771.805333333334,2019,12,2019,12
2020-01-01,259.037,1.55,214.954,1500,233.4,2.35,44.147,15852.5,3.624,1302,128451,2.3,82.664,3.5,21706.513,2020,1,2020,1
2020-02-01,259.248,1.58,215.773,1440,234.6,2.35,44.147,15918,3.465,1271,128451,1.8,82.664,3.5,21108.722999999998,2020,2,2020,2
2020-03-01,258.124,0.65,216.317,1348,236.3,2.35,44.147,15696.3,3.45,1247,128451,1.2,82.664,4.4,20510.933,2020,3,2020,3
2020-04-01,256.092,0.05,216.803,1050,234.3,2.54,44.147,18020.2,3.306,1207,128451,-3.5,82.664,14.7,19913.143,2020,4,2020,4
2020-05-01,255.868,0.05,217.009,1253,233.3,2.54,44.147,17104.6,3.2325,1171,128451,-2,82.664,13.2,20491.308666666668,2020,5,2020,5
2020-06-01,256.986,0.08,217.656,1329,234.8,2.54,44.147,17035,3.1625,1244,128451,1.2,82.664,11,21069.47433333333,2020,6,2020,6
2020-07-01,258.278,0.09,219.352,1526,237,2.83,44.147,17193.2,3.016,1314,128451,3.4,82.664,10.2,21647.64,2020,7,2020,7
2020-08-01,259.411,0.1,222.449,1564,240.9,2.83,44.147,16525.8,2.935,1238,128451,5,82.664,8.4,21773.260666666665,2020,8,2020,8
2020-09-01,260.029,0.09,225.885,1643,246.9,2.83,44.147,16607.9,2.89,1446,128451,3.3,82.664,7.9,21898.881333333335,2020,9,2020,9
2020-10-01,260.286,0.09,229.84,1622,246.4,2.74,44.147,16561.9,2.834,1370,128451,3.2,82.664,6.9,22024.502,2020,10,2020,10
2020-11-01,260.813,0.09,233.254,1713,244.3,2.74,44.147,16368.1,2.765,1240,128451,2.7,82.664,6.7,22216.396333333334,2020,11,2020,11
2020-12-01,262.035,0.09,236.491,1760,248,2.74,44.147,16406.1,2.684,1386,128451,3.1,82.664,6.7,22408.290666666668,2020,12,2020,12
2021-01-01,262.65,0.09,239.497,1866,256.4,2.68,45.299,18107.3,2.735,1344,129224,3.2,82.873,6.3,22600.185,2021,1,2021,1
2021-02-01,263.638,0.08,242.215,1700,264.6,2.68,45.299,16604.9,2.81,1322,129224,-0.7,82.873,6.2,22830.910666666667,2021,2,2021,2
2021-03-01,264.914,0.07,245.319,1731,276.7,2.68,45.299,20422.6,3.0825,1459,129224,2,82.873,6.1,23061.636333333336,2021,3,2021,3
2021-04-01,266.67,0.07,249.063,1714,291.8,2.48,45.299,17316.6,3.06,1438,129224,1.1,82.873,6.1,23292.362,2021,4,2021,4
2021-05-01,268.444,0.06,253.465,1680,305.9,2.48,45.299,16819.1,2.9625,1337,129224,1.6,82.873,5.8,23471.232333333333,2021,5,2021,5
2021-06-01,270.559,0.08,258.42900000000003,1644,315.7,2.48,45.299,16736.3,2.975,1298,129224,1.6,82.873,5.9,23650.10266666667,2021,6,2021,6
2021-07-01,271.764,0.1,262.763,1618,313.542,2.3,45.299,16836.1,2.868,1361,129224,1.8,82.873,5.4,23828.973,2021,7,2021,7
2021-08-01,272.87,0.09,266.955,1837,313.083,2.3,45.299,16791.7,2.8425,1312,129224,0.8,82.873,5.2,24104.183,2021,8,2021,8
2021-09-01,274.028,0.08,270.447,1636,317.136,2.3,45.299,16564.3,2.9,1232,129224,0.7,82.873,4.8,24379.393,2021,9,2021,9
2021-10-01,276.522,0.08,273.855,1727,322.12,2.28,45.299,16547.4,3.0675,1259,129224,1.2,82.873,4.5,24654.603,2021,10,2021,10
2021-11-01,278.711,0.08,277.28,1775,328.94,2.28,45.299,16499.8,3.0675,1389,129224,2.9,82.873,4.2,24779.440666666665,2021,11,2021,11
2021-12-01,280.887,0.08,281.348,1948,335.032,2.28,45.299,16418.5,3.098,1337,129224,3.3,82.873,3.9,24904.278333333335,2021,12,2021,12
2022-01-01,282.599,0.08,285.829,1898,345.742,2.09,48.021,16080.8,3.445,1256,131202,3.5,83.084,4,25029.116,2022,1,2022,1
2022-02-01,284.61,0.08,290.92400000000004,1817,343.583,2.09,48.021,16092.7,3.7625,1371,131202,2.1,83.084,3.8,25200.835000000003,2022,2,2022,2
2022-03-01,287.472,0.2,296.228,1877,345.852,2.09,48.021,16028.1,4.172,1356,131202,1.9,83.084,3.6,25372.554,2022,3,2022,3
2022-04-01,288.611,0.33,300.569,1795,343.786,1.96,48.021,16042.6,4.9825,1361,131202,1.7,83.084,3.6,25544.273,2022,4,2022,4
2022-05-01,291.268,0.77,303.863,1708,353.015,1.96,48.021,16023.2,5.23,1446,131202,0.4,83.084,3.6,25694.395,2022,5,2022,5
2022-06-01,294.728,1.21,304.832,1701,349.8,1.96,48.021,15963.4,5.522,1392,131202,-1.4,83.084,3.6,25844.517,2022,6,2022,6
2022-07-01,294.628,1.68,303.8,1658,346.79,1.85,48.021,16109.3,5.4125,1396,131202,-2.7,83.084,3.5,25994.639,2022,7,2022,7
2022-08-01,295.32,2.33,301.637,1586,342.753,1.85,48.021,16161.4,5.2225,1355,131202,-2.4,83.084,3.7,26132.560999999998,2022,8,2022,8
2022-09-01,296.539,2.56,299.44,1588,336.464,1.85,48.021,16184.9,6.112,1438,131202,-1.8,83.084,3.5,26270.483,2022,9,2022,9
2022-10-01,297.987,3.08,299.033,1555,333.796,1.78,48.021,16223.5,6.9,1348,131202,-1.5,83.084,3.7,26408.405,2022,10,2022,10
2022-11-01,298.598,3.78,298.35,1402,330.369,1.78,48.021,16229.6,6.805,1543,131202,-1.4,83.084,3.6,26543.47033333333,2022,11,2022,11
2022-12-01,298.99,4.1,297.425,1409,326.449,1.78,48.021,16265.1,6.364,1390,131202,-1.3,83.084,3.5,26678.535666666667,2022,12,2022,12
